"","name","type","superhost","guests","bedrooms","beds","baths","rating","reviews","badge","badge_desc","checkin","checkout","CO_alarm","free_cancellation","per_night","total_price","host","url"
"1","Wonderful river view, splendid Kyoto house","Entire Home","None","4","2","1","1","4.88","172","Good price.","Your dates are $32 less than the avg. nightly rate over the last 3 months.","3:00 PM - 2:00 AM","11:00 AM","Yes","Within 48 Hrs","62.99","593.03","Ayako","https://www.airbnb.com/rooms/30221877?adults=2&children=0&infants=0&check_in=2022-08-01&check_out=2022-08-08&previous_page_section_name=1000"
"2","Apt. for  family&friends w/Cycle Port&WiF","Entire rental unit","Superhost","4","2","3","1.5","5.0","9","None","None","After 3:00 PM","11:00 AM","Yes","Flexible","54.89","435.29","Yoshimi","https://www.airbnb.com/rooms/41567231?adults=2&children=0&infants=0&check_in=2022-08-09&check_out=2022-08-16&previous_page_section_name=1000"
"3","Super location best host w/Cycle Port & wifi","Entire rental unit","Superhost","3","1","2","1.5","4.89","294","None","None","4:00 PM - 12:00 AM","10:00 AM","Yes","Flexible","57.29","456.83","Yoshimi","https://www.airbnb.com/rooms/6249629?adults=2&children=0&infants=0&check_in=2022-08-01&check_out=2022-08-08&previous_page_section_name=1000"
"4","Traditional house with a garden ＆ open-air bath","Entire villa","Superhost","7","3","2","1","4.89","105","None","None","After 4:00 PM","10:00 AM","Yes","Flexible","116.53","1,141.98","Takeshi","https://www.airbnb.com/rooms/42572392?adults=2&children=0&infants=0&check_in=2022-08-19&check_out=2022-08-26&previous_page_section_name=1000"
"5","雲町屋 小蛸  KumoMachiya KOTAKO","Entire home","None","7","3","2","2.5","4.87","53","Good price.","Your dates are $69 less than the avg. nightly rate over the last 3 months.","3:00 PM - 11:00 PM","11:00 AM","Yes","Flexible","103.48","749.57","Kumo Machiya","https://www.airbnb.com/rooms/30075745?adults=2&children=0&infants=0&check_in=2022-08-21&check_out=2022-08-28&previous_page_section_name=1000"
"6","The only Kyomachiya in the center of Kyoto City!!!","Entire home","Superhost","8","4","8","2","4.88","34","Good price.","Your dates are $31 less than the avg. nightly rate over the last 3 months.","3:00 PM - 12:00 AM","10:00 AM","Yes","Flexible","75.13","630.02","Soochan","https://www.airbnb.com/rooms/45872409?adults=2&children=0&infants=0&check_in=2022-08-02&check_out=2022-08-09&previous_page_section_name=1000"
"7","【C2 KYOTO SUITE】 private open-air bath","Private room in home","Superhost","2","1","2","1","5.0","108","Good price.","Your dates are $30 less than the avg. nightly rate over the last 3 months.","3:00 PM - 10:00 PM","11:00 AM","No","Flexible","82.00","708.03","Akiko","https://www.airbnb.com/rooms/39777948?adults=2&children=0&infants=0&check_in=2022-08-11&check_out=2022-08-18&previous_page_section_name=1000"
"8","✿Kyoto✿/Near Station & Bus/Temple/Twin Room(^^♪✿✿","Room in hotel","Superhost","2","1","2","1","4.81","199","This is a rare find.","Fuji Hotel's place on Airbnb is usually fully booked.","3:00 PM - 10:00 PM","11:00 AM","Yes","Flexible","53.81","188.36","Fuji Hotel","https://www.airbnb.com/rooms/50290730?adults=2&children=0&infants=0&check_in=2022-08-15&check_out=2022-08-22&previous_page_section_name=1000"
"9","★Live Like a Local in Stylish Kyoto Home Near Gion","Entire home","Superhost","5","2","2","1","4.92","62","This is a rare find.","Corehouse's place on Airbnb is usually fully booked.","4:00 PM - 8:00 PM","11:00 AM","Yes","Flexible","153.53","1,006.63","Corehouse","https://www.airbnb.com/rooms/27713598?adults=2&children=0&infants=0&check_in=2022-08-14&check_out=2022-08-21&previous_page_section_name=1000"
"10","Stay in Kyoto central island","Entire townhouse","None","3","1","1","1.5","5.0","18","This is a rare find.","Hasu's place on Airbnb is usually fully booked.","After 3:00 PM","10:00 AM","Yes","Flexible","55.11","436.76","Hasu","https://www.airbnb.com/rooms/42780789?adults=2&children=0&infants=0&check_in=2022-08-06&check_out=2022-08-13&previous_page_section_name=1000"
"11","★Lovely RiverSide House★Near Shopping area★2 Beds","Entire townhouse","None","2","1","2","1","5.0","11","None","None","4:00 PM - 9:00 PM","10:00 AM","No","Flexible","94.48","630.71","Rinn","https://www.airbnb.com/rooms/40117962?adults=2&children=0&infants=0&check_in=2022-08-15&check_out=2022-08-22&previous_page_section_name=1000"
"12","Okunoniwa - Garden House","Entire home","Superhost","4","2","3","1","4.96","84","None","None","After 12:00 PM","12:00 PM","Yes","Flexible","196.84","1,329.79","Margaret","https://www.airbnb.com/rooms/16580115?adults=2&children=0&infants=0&check_in=2022-08-09&check_out=2022-08-16&previous_page_section_name=1000"
"13","KumoMachiya KOFUNE","Entire villa","None","5","2","5","1.5","5.0","17","This is a rare find.","Kumo Machiya's place on Airbnb is usually fully booked.","3:00 PM - 11:00 PM","11:00 AM","Yes","Flexible","98.98","709.42","Kumo Machiya","https://www.airbnb.com/rooms/46866383?adults=2&children=0&infants=0&check_in=2022-08-14&check_out=2022-08-21&previous_page_section_name=1000"
"14","Kyotofish·Miya*Former Geisha House Reformed","Entire townhouse","Superhost","8","3","7","4","5.0","7","This is a rare find.","Karen's place on Airbnb is usually fully booked.","After 3:00 PM","10:00 AM","Yes","Flexible","314.94","2,196.69","Karen","https://www.airbnb.com/rooms/580087080653234658?adults=2&children=0&infants=0&check_in=2022-08-24&check_out=2022-08-31&previous_page_section_name=1000"
"15","【home quarantin ok】shibainu machiya/Kyoto Sta/Toji","Entire home","None","4","1","3","1","4.80","30","None","None","After 4:00 PM","10:00 AM","Yes","Within 48 Hrs","43.41","334.00","ももこ","https://www.airbnb.com/rooms/34028813?adults=2&children=0&infants=0&check_in=2022-08-20&check_out=2022-08-27&previous_page_section_name=1000"
"16","NEW! Luana Higashiyama Guest House 5 min from Gion","Entire guest suite","Superhost","4","1","2","1","4.91","195","Lower price.","Your dates are $354 less than the avg. nightly rate of the last 60 days.","After 3:00 PM","10:00 AM","Yes","Flexible","55.11","452.69","Luana","https://www.airbnb.com/rooms/24930840?adults=2&children=0&infants=0&check_in=2022-08-16&check_out=2022-08-23&previous_page_section_name=1000"
"17","Modern Private Apt/6 min from Sta/in Central Kyoto","Entire rental unit","Superhost","7","2","3","3","4.99","293","Lower price.","Your dates are $282 less than the avg. nightly rate of the last 60 days.","3:00 PM - 9:00 PM","11:00 AM","Yes","Flexible","148.81","921.06","Noriko","https://www.airbnb.com/rooms/14750897?adults=2&children=0&infants=0&check_in=2022-08-28&check_out=2022-09-04&previous_page_section_name=1000"
"18","BEST GION LOCATION, LUXURY, QUIET VACATION RENTAL","Entire home","Superhost","4","2","4","1.5","5.0","212","None","None","2:00 PM - 10:00 PM","10:00 AM","Yes","Flexible","226.43","1,760.27","Chie & Chris","https://www.airbnb.com/rooms/12824544?adults=2&children=0&infants=0&check_in=2022-08-27&check_out=2022-09-03&previous_page_section_name=1000"
"19","Brandnew!Beautiful hotel Center of KYOTO (Room A)","Entire condo","Superhost","4","2","5","1","4.87","106","None","None","3:00 PM - 2:00 AM","12:00 PM","Yes","Flexible","55.11","344.12","Hisano","https://www.airbnb.com/rooms/23154718?adults=2&children=0&infants=0&check_in=2022-08-21&check_out=2022-08-28&previous_page_section_name=1000"
"20","雲町屋 小波 KumoMachiya KONAMI","Entire townhouse","None","4","2","1","2","4.73","82","This is a rare find.","Kumo Machiya's place on Airbnb is usually fully booked.","3:00 PM - 11:00 PM","11:00 AM","Yes","Flexible","101.23","724.36","Kumo Machiya","https://www.airbnb.com/rooms/16195377?adults=2&children=0&infants=0&check_in=2022-08-21&check_out=2022-08-28&previous_page_section_name=1000"
"21","Expo Cottage 3 with free parking  / ５２㎡  (５６０ft²）","Entire home","Superhost","4","1","2","1.5","4.91","78","This is a rare find.","Cottage's place on Airbnb is usually fully booked.","After 3:00 PM","11:00 AM","Yes","Flexible","35.66","329.37","Cottage","https://www.airbnb.com/rooms/27587737?adults=2&children=0&infants=0&check_in=2022-08-21&check_out=2022-08-28&previous_page_section_name=1000"
"22","✿Kyoto✿Near station & bus/Temple/Standard twin(^^♪","Room in hotel","Superhost","2","1","2","1","4.71","95","This is a rare find.","Fuji Hotel's place on Airbnb is usually fully booked.","3:00 PM - 10:00 PM","11:00 AM","Yes","Flexible","57.43","201.03","Fuji Hotel","https://www.airbnb.com/rooms/50292563?adults=2&children=0&infants=0&check_in=2022-08-16&check_out=2022-08-23&previous_page_section_name=1000"
"23","【Disinfection】KyotoShijoSta.4mins!King Deluxe R301","Entire rental unit","Superhost","2","1","1","1","4.95","165","Lower price.","Your dates are $108 less than the avg. nightly rate of the last 60 days.","After 4:00 PM","11:00 AM","Yes","Flexible","30.14","265.77","Aika","https://www.airbnb.com/rooms/24633538?adults=2&children=0&infants=0&check_in=2022-08-13&check_out=2022-08-20&previous_page_section_name=1000"
"24","Kyoto Sanjo Ohashi Superior Twin Studio No Smoking Superior Twin","Entire rental unit","None","4","1","2","1","4.71","540","This is a rare find.","Kyoto's place on Airbnb is usually fully booked.","4:00 PM - 11:00 PM","11:00 AM","Yes","Flexible","60.74","388.17","Kyoto","https://www.airbnb.com/rooms/45207535?adults=2&children=0&infants=0&check_in=2022-08-14&check_out=2022-08-21&previous_page_section_name=1000"
"25","【宮之軒】【 home quarantine ok】CBD/2min railway/machiya","Entire home","None","6","3","1","1.5","4.80","25","None","None","After 4:00 PM","10:00 AM","Yes","Within 48 Hrs","43.74","352.01","おおみや","https://www.airbnb.com/rooms/37573326?adults=2&children=0&infants=0&check_in=2022-08-15&check_out=2022-08-22&previous_page_section_name=1000"
"26","Walk to Kiyomizu Temple 3mins Villa of 3F 3BR","Entire villa","None","4","3","4","2.5","4.77","106","None","None","4:00 PM - 12:00 AM","10:00 AM","Yes","Flexible","101.00","674.84","Candy","https://www.airbnb.com/rooms/6698384?adults=2&children=0&infants=0&check_in=2022-08-07&check_out=2022-08-14&previous_page_section_name=1000"
"27","Kotone Inn・Near Nijo Castle and Gyoen・Good Access","Entire townhouse","None","7","3",NA,"3","4.86","78","None","None","After 3:00 PM","11:00 AM","Yes","Flexible","60.39","377.69","Kotone-Inn","https://www.airbnb.com/rooms/13702928?adults=2&children=0&infants=0&check_in=2022-08-19&check_out=2022-08-26&previous_page_section_name=1000"
"28","Artist's ZEN & ART house in East Kyoto","Entire townhouse","Superhost","4","2","4","1.5","4.99","251","Lower price.","Your dates are $363 less than the avg. nightly rate of the last 60 days.","3:00 PM - 7:00 PM","10:00 AM","Yes","Flexible","185.59","1,295.62","Jinn","https://www.airbnb.com/rooms/8244813?adults=2&children=0&infants=0&check_in=2022-08-31&check_out=2022-09-07&previous_page_section_name=1000"
"29","Modern Machiya near Kyoto station","Entire home","Superhost","3","1","1","1","4.95","265","None","None","3:00 PM - 8:00 PM","11:00 AM","Yes","Flexible","78.73","498.66","Koji","https://www.airbnb.com/rooms/6418350?adults=2&children=0&infants=0&check_in=2022-08-01&check_out=2022-08-08&previous_page_section_name=1000"
"30","Expo Cottage Fune with Free Bicycles /89㎡ (958ft²)","Entire home","Superhost","6","2","4","1.5","4.99","88","Lower price.","Your dates are $92 less than the avg. nightly rate of the last 60 days.","After 3:00 PM","11:00 AM","Yes","Flexible","56.80","498.31","Cottage","https://www.airbnb.com/rooms/33264910?adults=2&children=0&infants=0&check_in=2022-08-28&check_out=2022-09-04&previous_page_section_name=1000"
"31","Spacious 2-bedroom house with free bicycles","Entire home","Superhost","5","2","4","1","4.93","233","None","None","3:00 PM - 11:00 PM","11:00 AM","Yes","Flexible","39.82","361.80","Sanae","https://www.airbnb.com/rooms/12435391?adults=2&children=0&infants=0&check_in=2022-08-03&check_out=2022-08-10&previous_page_section_name=1000"
"32","TabitabiStay「Kawama」","Entire home","Superhost","5","2",NA,"1.5","4.93","87","Good price.","Your dates are $69 less than the avg. nightly rate over the last 3 months.","3:00 PM - 11:00 PM","11:00 AM","Yes","Flexible","176.26","1,225.66","Tabitabi Stay","https://www.airbnb.com/rooms/43072395?adults=2&children=0&infants=0&check_in=2022-08-08&check_out=2022-08-15&previous_page_section_name=1000"
"33","☆COZY Machiya Right by River★PERFECT for a Couple☆","Entire home","None","2","1","2","1","4.77","112","None","None","4:00 PM - 9:00 PM","10:00 AM","No","Flexible","94.48","781.68","Rinn","https://www.airbnb.com/rooms/13518608?adults=2&children=0&infants=0&check_in=2022-08-15&check_out=2022-08-22&previous_page_section_name=1000"
"34","It is an entire inn 5 minutes' walk from Kyoto Station, so you can safely stay without contact with other guests.","Entire home","Superhost","5","2","5","1","4.93","27","Lower price.","Your dates are $155 less than the avg. nightly rate of the last 60 days.","4:00 PM - 9:00 PM","10:00 AM","Yes","Flexible","102.36","757.88","林音","https://www.airbnb.com/rooms/45284955?adults=2&children=0&infants=0&check_in=2022-08-20&check_out=2022-08-27&previous_page_section_name=1000"
"35","The best location will give you memories of Kyoto!","Entire villa","Superhost","5","2","2","1","5.0","51","None","None","After 4:00 PM","10:00 AM","Yes","Flexible","201.56","1,005.15","Takeshi","https://www.airbnb.com/rooms/37645444?adults=2&children=0&infants=0&check_in=2022-08-16&check_out=2022-08-23&previous_page_section_name=1000"
"36","Entire 2-bedroom house near Kyoto Station","Entire home","Superhost","3","2","2","1","4.88","261","None","None","After 3:00 PM","11:00 AM","Yes","Flexible","33.45","271.93","Sanae","https://www.airbnb.com/rooms/7229581?adults=2&children=0&infants=0&check_in=2022-08-01&check_out=2022-08-08&previous_page_section_name=1000"
"37","Very convenient location! brandnew beautiful RoomB","Entire condo","Superhost","4","1","4","1","4.83","101","This is a rare find.","Hisano's place on Airbnb is usually fully booked.","3:00 PM - 2:00 AM","12:00 PM","Yes","Flexible","55.11","344.12","Hisano","https://www.airbnb.com/rooms/23277898?adults=2&children=0&infants=0&check_in=2022-08-25&check_out=2022-09-01&previous_page_section_name=1000"
"38","【Disinfection】KyotoShijoSta.4mins!King Deluxe R302","Entire rental unit","Superhost","2","1","1","1","4.96","153","Lower price.","Your dates are $108 less than the avg. nightly rate of the last 60 days.","After 4:00 PM","11:00 AM","Yes","Flexible","30.14","265.77","Aika","https://www.airbnb.com/rooms/23986565?adults=2&children=0&infants=0&check_in=2022-08-18&check_out=2022-08-25&previous_page_section_name=1000"
"39","Kyostay Iroha Toji Main - Room No.8","Entire rental unit","None","2","1","2","1","4.70","23","None","None","After 3:00 PM","11:00 AM","No","Flexible","35.32","246.12","Toji Main","https://www.airbnb.com/rooms/23567728?adults=2&children=0&infants=0&check_in=2022-08-24&check_out=2022-08-31&previous_page_section_name=1000"
"40","Walk toKyotoStation10mins 2BRMachiya of Zen Garden","Entire townhouse","None","4","2","1","1.5","4.83","36","None","None","3:00 PM - 11:00 PM","11:00 AM","Yes","Flexible","64.96","485.91","Candy","https://www.airbnb.com/rooms/15318188?adults=2&children=0&infants=0&check_in=2022-08-01&check_out=2022-08-08&previous_page_section_name=1000"
"41","""Yasha"" machiya-style private house/Kyoto station 11min by walk/Kujo station 7min by walk/Suitable for two travelers/Family stay/Close to bus stop!","Entire townhouse","None","4","2","4","1",NA,"1","This is a rare find.","Cecilia's place on Airbnb is usually fully booked.","After 3:00 PM","10:00 AM","Yes","Flexible","37.40","331.70","Naoyuki","https://www.airbnb.com/rooms/51553474?adults=2&children=0&infants=0&check_in=2022-08-22&check_out=2022-08-29&previous_page_section_name=1000"
"42","A room for rent in Kyomachiya","Entire townhouse","Superhost","10","3","8","1","5.0","5","This is a rare find.","盛久's place on Airbnb is usually fully booked.","After 3:00 PM","10:00 AM","Yes","Flexible","101.23","857.63","盛久","https://www.airbnb.com/rooms/47111200?adults=2&children=0&infants=0&check_in=2022-08-20&check_out=2022-08-27&previous_page_section_name=1000"
"43","Kyostay Iroha Toji Annex - Standard Twin Room A","Entire rental unit","None","2","1","2","1","4.85","105","Lower price.","Your dates are $234 less than the avg. nightly rate of the last 60 days.","After 3:00 PM","11:00 AM","No","Flexible","28.23","217.32","Toji Annex","https://www.airbnb.com/rooms/13517814?adults=2&children=0&infants=0&check_in=2022-08-29&check_out=2022-09-05&previous_page_section_name=1000"
"44","Japan Style! 1min to Sta. Convenient traffic♪♪","Entire home","None","4","1","4","1","4.91","176","Good price.","Your dates are $10 less than the avg. nightly rate over the last 3 months.","After 3:00 PM","10:00 AM","Yes","Flexible","47.24","436.66","Yusuke","https://www.airbnb.com/rooms/19895698?adults=2&children=0&infants=0&check_in=2022-08-08&check_out=2022-08-15&previous_page_section_name=1000"
"45","Single-family house for rent, 120-year-old old house, tourist center Kyoto station 9 minutes on foot, Aeon Mall 5 minutes on foot, air-conditioned with ventilation","Entire home","Superhost","4","1","4","1","4.93","216","None","None","After 2:00 PM","11:00 AM","Yes","Flexible","46.52","379.39","義二郎","https://www.airbnb.com/rooms/19333140?adults=2&children=0&infants=0&check_in=2022-08-30&check_out=2022-09-06&previous_page_section_name=1000"
"46","Near kyoto station Cozy room in traditional house","Private room in townhouse","None","2","1","2","2","4.94","93","Lower price.","Your dates are $107 less than the avg. nightly rate of the last 60 days.","2:00 PM - 9:00 PM","10:00 AM","Yes","Flexible","23.62","187.80","Naoyuki","https://www.airbnb.com/rooms/25369060?adults=2&children=0&infants=0&check_in=2022-08-05&check_out=2022-08-12&previous_page_section_name=1000"
"47","Kyoto Nijo Station and Style Homestay [Shoyunju] (with Homestay License)","Entire home","None","5","3","5","1","4.80","142","Good price.","Your dates are $11 less than the avg. nightly rate over the last 3 months.","After 3:00 PM","10:00 AM","Yes","Flexible","43.30","391.46","祥雲居","https://www.airbnb.com/rooms/17288647?adults=2&children=0&infants=0&check_in=2022-08-22&check_out=2022-08-29&previous_page_section_name=1000"
"48","80㎡ Machiya 2BR with Zen garden near FourSeason","Entire home","None","5","2","3","1.5","4.84","32","None","None","After 3:00 PM","11:00 AM","Yes","Flexible","84.09","582.04","Candy","https://www.airbnb.com/rooms/17389334?adults=2&children=0&infants=0&check_in=2022-08-13&check_out=2022-08-20&previous_page_section_name=1000"
"49","Japanese-style Machiya Datsuki, two-storey house in a detached building","Entire townhouse","None","4","2","2","1","4.88","86","None","None","3:00 PM - 8:00 PM","11:00 AM","Yes","Flexible","81.88","521.11","Jun","https://www.airbnb.com/rooms/7570131?adults=2&children=0&infants=0&check_in=2022-08-01&check_out=2022-08-06&previous_page_section_name=1000"
"50","Shiki Homes | KUMEI 空明","Entire townhouse","Superhost","6","2","6","1.5","5.0","7","None","None","After 4:00 PM","10:00 AM","Yes","Flexible","182.05","1,131.13","Shiki","https://www.airbnb.com/rooms/48855828?adults=2&children=0&infants=0&check_in=2022-08-20&check_out=2022-08-27&previous_page_section_name=1000"
"51","Japanese and Western-style room with a view of the Kamogawa River (room 201)","Private room in rental unit","Superhost","4","1","2","1","4.94","17","This is a rare find.","Naoya尚矢's place on Airbnb is usually fully booked.","3:00 PM - 12:00 AM"," smoking","Yes","Flexible","55.11","405.20","Naoya尚矢","https://www.airbnb.com/rooms/46719422?adults=2&children=0&infants=0&check_in=2022-08-25&check_out=2022-09-01&previous_page_section_name=1000"
"52","Walk toKyotoStation12mins 2BRMachiya of Zen Garden","Entire villa","None","4","2","1","1.5","4.79","52","None","None","3:00 PM - 11:00 PM","11:00 AM","Yes","Flexible","64.96","494.89","Candy","https://www.airbnb.com/rooms/15185203?adults=2&children=0&infants=0&check_in=2022-08-25&check_out=2022-09-01&previous_page_section_name=1000"
"53","Kyoto cozy house 10min walk to JR Kyoto station","Entire home","None","4","2","2","1","4.89","54","None","None","3:00 PM - 12:00 AM","11:00 AM","Yes","Within 48 Hrs","55.12","499.57","Takashi","https://www.airbnb.com/rooms/31955130?adults=2&children=0&infants=0&check_in=2022-08-14&check_out=2022-08-21&previous_page_section_name=1000"
"54","A single-family house that was renovated during the Meiji period. Gojo Station 8 minutes on foot, Shijo Karasuma area 10 minutes on foot","Entire home","None","6","3","1","2","4.83","6","Add an extra night and save.","Extend your stay by adding Aug 22 for only $110.","After 4:00 PM","10:00 AM","Yes","Flexible","141.72","1,043.13","宝船","https://www.airbnb.com/rooms/53041247?adults=2&children=0&infants=0&check_in=2022-08-15&check_out=2022-08-22&previous_page_section_name=1000"
"55","雲町屋 小坂 KumoMachiya KOSAKI","Entire townhouse","None","6","3","7","2","4.81","63","Good price.","Your dates are $61 less than the avg. nightly rate over the last 3 months.","3:00 PM - 11:00 PM","11:00 AM","Yes","Flexible","98.98","711.78","Kumo Machiya","https://www.airbnb.com/rooms/16070919?adults=2&children=0&infants=0&check_in=2022-08-24&check_out=2022-08-31&previous_page_section_name=1000"
"56","K1／Big Room & Great View/Nishiki Market 5 minute","Entire rental unit","None","4","1","1","1","4.72","46","None","None","After 3:00 PM","10:00 AM","Yes","Flexible","137.00","546.63","D.K.S","https://www.airbnb.com/rooms/32596821?adults=2&children=0&infants=0&check_in=2022-08-02&check_out=2022-08-09&previous_page_section_name=1000"
"57","(Near Gion)Machiya inside a temple, stay with Zen.","Entire townhouse","Superhost","4","2","4","3","4.87","423","This is a rare find.","Hershey's place on Airbnb is usually fully booked.","3:00 PM - 2:00 AM","11:00 AM","Yes","Within 48 Hrs","279.94","1,795.14","Hershey","https://www.airbnb.com/rooms/12356675?adults=2&children=0&infants=0&check_in=2022-08-25&check_out=2022-09-01&previous_page_section_name=1000"
"58","Kyotofish·Higashiyama*100Yr Machiya*GardenviewBath","Entire villa","Superhost","6","3","6","2","4.84","116","Good price.","Your dates are $23 less than the avg. nightly rate over the last 3 months.","After 3:00 PM","10:00 AM","Yes","Flexible","94.48","675.56","Karen","https://www.airbnb.com/rooms/25112153?adults=2&children=0&infants=0&check_in=2022-08-20&check_out=2022-08-27&previous_page_section_name=1000"
"59","CITY-CENTER, UNIQUE, LUXURY, HISTORICAL TOWNHOUSE","Entire home","Superhost","6","3","5","2","4.99","182","None","None","2:00 PM - 10:00 PM","10:00 AM","Yes","Flexible","341.43","2,610.44","Chie & Chris","https://www.airbnb.com/rooms/9502914?adults=2&children=0&infants=0&check_in=2022-08-15&check_out=2022-08-22&previous_page_section_name=1000"
"60","Machiya near Philosopher's walk  哲学の道まで５分  京町家 弐の庵","Entire home","None","5","3","4","1","4.89","46","None","None","3:00 PM - 10:00 PM","11:00 AM","Yes","Flexible","96.73","779.02","Nao","https://www.airbnb.com/rooms/29246177?adults=2&children=0&infants=0&check_in=2022-08-26&check_out=2022-09-02&previous_page_section_name=1000"
"61","Kyoto's Traditional Villa - Nozomu House Kyoto","Entire townhouse","Superhost","5","2","2","1.5","5.0","5","None","None","3:00 PM - 8:00 PM",NA,"Yes","Within 48 Hrs","527.18","2,767.71","Kyoto House","https://www.airbnb.com/rooms/48017622?adults=2&children=0&infants=0&check_in=2022-08-13&check_out=2022-08-20&previous_page_section_name=1000"
"62","Hinoki Garden View Bath Machiya - KYORAN KYOGETSU","Entire townhouse","Superhost","5","2",NA,"2","4.85","154","None","None","After 3:00 PM","11:00 AM","Yes","Within 48 Hrs","226.36","1,491.39","Keirei","https://www.airbnb.com/rooms/22473769?adults=2&children=0&infants=0&check_in=2022-08-24&check_out=2022-08-31&previous_page_section_name=1000"
"63","｢ 日 ･ 五 条 ｣ Hiyori Gojo * 京 町 家 貸 切 * 五 条 駅 (Gojo Sta.) * 四 条 jo Nishiki Market * 日 式 大 院 院 (Japanese-style) * 地 温","Entire townhouse","Superhost","9","4","2","2","4.96","47","Good price.","Your dates are $213 less than the avg. nightly rate over the last 3 months.","After 3:00 PM","11:00 AM","Yes","Flexible","157.47","1,187.33","Yu","https://www.airbnb.com/rooms/32902156?adults=2&children=0&infants=0&check_in=2022-08-25&check_out=2022-09-01&previous_page_section_name=1000"
"64","Kyotofish·Gojo*DT Kamogawa Machiya*3mins to Subway","Entire villa","Superhost","5","3","5","2","4.79","105","This is a rare find.","Karen's place on Airbnb is usually fully booked.","After 3:00 PM","10:00 AM","Yes","Flexible","94.48","687.37","Karen","https://www.airbnb.com/rooms/38557386?adults=2&children=0&infants=0&check_in=2022-08-01&check_out=2022-08-08&previous_page_section_name=1000"
"65","Luxury Machiya House Near Subway -Gojo Miyabi Inn","Entire home","Superhost","8","3","8","1","4.90","11","None","None","3:00 PM - 8:00 PM","11:00 AM","Yes","Flexible","118.10","907.43","Lrc Staff","https://www.airbnb.com/rooms/23048176?adults=2&children=0&infants=0&check_in=2022-08-23&check_out=2022-08-30&previous_page_section_name=1000"
"66","★Keimachiya Fully Renovated★ Shijo Karasuma Area for Rent in the Meiji Period Walking distance from Shijo Karasuma area 7-minute walk from Gojo★ subway station","Entire home","Superhost","5","3","2","1.5","4.92","13","None","None","After 4:00 PM","11:00 AM","Yes","Flexible","132.27","970.00","Ryo","https://www.airbnb.com/rooms/50119444?adults=2&children=0&infants=0&check_in=2022-08-29&check_out=2022-09-05&previous_page_section_name=1000"
"67","Explore Gion! Rental bikes, Wifi available-1F","Entire home","None","5","1","4","1","4.64","14","None","None","4:00 PM - 11:00 PM","10:00 AM","Yes","Within 48 Hrs","19.68","194.31","Stay Fuji","https://www.airbnb.com/rooms/36496314?adults=2&children=0&infants=0&check_in=2022-08-12&check_out=2022-08-19&previous_page_section_name=1000"
"68","Kyomachiya style villa-Akira","Entire villa","Superhost","4","1","1","1.5","4.88","17","None","None","4:00 PM - 8:00 PM","11:00 AM","No","Flexible","62.99","561.03","Derrick","https://www.airbnb.com/rooms/46733300?adults=2&children=0&infants=0&check_in=2022-08-21&check_out=2022-08-28&previous_page_section_name=1000"
"69","Vaction rental house・ Stylish spacious living room","Entire home","Superhost","5","2","3","1","4.96","170","This is a rare find.","Suzu's place on Airbnb is usually fully booked.","After 4:00 PM","10:00 AM","Yes","Flexible","72.55","588.25","Takeshi","https://www.airbnb.com/rooms/21246235?adults=2&children=0&infants=0&check_in=2022-08-23&check_out=2022-08-30&previous_page_section_name=1000"
"70","【Disinfection】KyotoShijoSta.4mins！King Deluxe R101","Entire rental unit","Superhost","3","1","2","1","4.94","136","Lower price.","Your dates are $108 less than the avg. nightly rate of the last 60 days.","After 4:00 PM","11:00 AM","Yes","Flexible","30.14","265.77","Aika","https://www.airbnb.com/rooms/24607390?adults=2&children=0&infants=0&check_in=2022-08-04&check_out=2022-08-11&previous_page_section_name=1000"
"71","Gion area,Kyoto Cozy&Beautiful traditional house.","Hut","None","4","2","2","1","4.60","5","Extend your trip and save.","None","After 3:00 PM","11:00 AM","Yes","Flexible","129.91","1,106.94","崇","https://www.airbnb.com/rooms/53471002?adults=2&children=0&infants=0&check_in=2022-08-09&check_out=2022-08-16&previous_page_section_name=1000"
"72","【Disinfection】KyotoShijoSta.4mins!King Deluxe R501","Entire rental unit","Superhost","2","1","1","1","4.96","174","Lower price.","Your dates are $108 less than the avg. nightly rate of the last 60 days.","4:00 PM - 10:00 PM","11:00 AM","Yes","Flexible","30.14","265.77","Aika","https://www.airbnb.com/rooms/24162787?adults=2&children=0&infants=0&check_in=2022-08-12&check_out=2022-08-19&previous_page_section_name=1000"
"73","MANGA Design・2 Beds・Free WIFI・Baggage keeper","Room in aparthotel","Superhost","2","1","2","1","4.79","128","Lower price.","Your dates are $150 less than the avg. nightly rate of the last 60 days.","3:00 PM - 12:00 AM","11:00 AM","Yes","Flexible","47.69","297.12","Hotel Tavinos Kyoto","https://www.airbnb.com/rooms/51135166?adults=2&children=0&infants=0&check_in=2022-08-30&check_out=2022-09-06&previous_page_section_name=1000"
"74","Brooklyn style room near Kiyomizu dera temple[BR]2","Entire condo","None","5","1","3","1","4.70","88","Good price.","Your dates are $46 less than the avg. nightly rate over the last 3 months.","3:00 PM - 12:00 AM","10:00 AM","Yes","Flexible","57.59","467.10","RESISTAY Support","https://www.airbnb.com/rooms/34519639?adults=2&children=0&infants=0&check_in=2022-08-03&check_out=2022-08-10&previous_page_section_name=1000"
"75","Ginkakuji Vacation is just the place for you!","Entire home","Superhost","3","1","2","1","5.0","60","None","None","3:00 PM - 8:00 PM","11:00 AM","Yes","Flexible","94.48","706.20","Jun","https://www.airbnb.com/rooms/27529660?adults=2&children=0&infants=0&check_in=2022-08-07&check_out=2022-08-14&previous_page_section_name=1000"
"76","【INN Plus General Castle】Japanese style｜Nijo","Entire townhouse","None","6","3","2","2","4.75","16","This is a rare find.","Saki's place on Airbnb is usually fully booked.","After 3:00 PM","10:00 AM","Yes","Flexible","185.86","520.42","Saki","https://www.airbnb.com/rooms/50758080?adults=2&children=0&infants=0&check_in=2022-08-01&check_out=2022-08-08&previous_page_section_name=1000"
"77","MAX3!7min to Kyoto Sta.Free WiFi&Android TV![STTK]","Entire condo","None","3","1","2","1","4.89","9","None","None","3:00 PM - 12:00 AM","11:00 AM","No","Flexible","54.66","439.27","RESISTAY Support","https://www.airbnb.com/rooms/33893377?adults=2&children=0&infants=0&check_in=2022-08-20&check_out=2022-08-27&previous_page_section_name=1000"
"78","About 6 minutes on foot from ""Hiyori Mitake"" Kyoto-machiya private subway Gojo station","Entire townhouse","Superhost","5","2","2","2","4.72","50","Good price.","Your dates are $43 less than the avg. nightly rate over the last 3 months.","After 3:00 PM","11:00 AM","Yes","Flexible","157.47","1,179.45","Yu","https://www.airbnb.com/rooms/46597447?adults=2&children=0&infants=0&check_in=2022-08-28&check_out=2022-09-04&previous_page_section_name=1000"
"79","Garden view Suite. One stop from JR Kyoto Station.","Entire home","None","5","2","5","1","4.77","26","None","None","After 3:00 PM","10:00 AM","Yes","Flexible","118.10","980.69","Takeo","https://www.airbnb.com/rooms/28627521?adults=2&children=0&infants=0&check_in=2022-08-30&check_out=2022-09-06&previous_page_section_name=1000"
"80","EXPERIENCE JAPAN-大院","Entire villa","Superhost","6","3","3","2","4.84","137","Lower price.","Your dates are $746 less than the avg. nightly rate of the last 60 days.","3:00 PM - 6:00 PM","11:00 AM","Yes","Within 48 Hrs","204.71","1,743.09","Zhang","https://www.airbnb.com/rooms/21567997?adults=2&children=0&infants=0&check_in=2022-08-02&check_out=2022-08-09&previous_page_section_name=1000"
"81","Kyomachiya garden view!・ 1 station from JR Kyoto","Entire townhouse","None","5","2","5","1","4.86","115","Lower price.","Your dates are $92 less than the avg. nightly rate of the last 60 days.","After 3:00 PM","10:00 AM","Yes","Flexible","118.10","980.69","Mari","https://www.airbnb.com/rooms/28142792?adults=2&children=0&infants=0&check_in=2022-08-27&check_out=2022-09-03&previous_page_section_name=1000"
"82","[ND] Lovely Gion Studio 3 Mins to Higashiyama St","Entire townhouse","None","2","1","2","1.5","4.86","233","This is a rare find.","Kyo-Machiya's place on Airbnb is usually fully booked.","After 3:00 PM","10:00 AM","Yes","Within 48 Hrs","56.22","401.37","Matatabi","https://www.airbnb.com/rooms/3565016?adults=2&children=0&infants=0&check_in=2022-08-22&check_out=2022-08-29&previous_page_section_name=1000"
"83","Free NETFLIX! Great location near kamo river&train","Entire home","Superhost","5","3","6","1","4.90","124","None","None","4:00 PM - 2:00 AM","11:00 AM","No","Flexible","107.98","651.91","Raina&Jelly","https://www.airbnb.com/rooms/29327984?adults=2&children=0&infants=0&check_in=2022-08-22&check_out=2022-08-29&previous_page_section_name=1000"
"84","Unique Architect Renovated Studio","Entire townhouse","Superhost","2","1","2","1","4.98","146","None","None","4:00 PM - 10:00 PM","11:00 AM","Yes","Within 48 Hrs","118.78","889.87","Kojiro And Seanacey","https://www.airbnb.com/rooms/17818811?adults=2&children=0&infants=0&check_in=2022-08-05&check_out=2022-08-12&previous_page_section_name=1000"
"85","Mashiya stay in the heart of traditional district","Entire villa","None","6","4","5","1.5","5.0","37","None","None","2:00 PM - 10:00 PM","10:00 AM","Yes","Flexible","78.73","678.76","Yanbin","https://www.airbnb.com/rooms/30075722?adults=2&children=0&infants=0&check_in=2022-08-31&check_out=2022-09-07&previous_page_section_name=1000"
"86","【Disinfection】KyotoShijoSta.4mins!King Deluxe R201","Room in boutique hotel","Superhost","2","1","1","1","4.93","145","Lower price.","Your dates are $108 less than the avg. nightly rate of the last 60 days.","4:00 PM - 12:00 AM","11:00 AM","Yes","Flexible","30.14","265.77","Aika","https://www.airbnb.com/rooms/24615169?adults=2&children=0&infants=0&check_in=2022-08-11&check_out=2022-08-18&previous_page_section_name=1000"
"87","Pet-friendly no charge★The focus is on cleanliness","Entire home","Superhost","5","1","5","1","4.95","63","None","None","4:00 PM - 2:00 AM","12:00 PM","No","Flexible","80.98","626.40","Shino","https://www.airbnb.com/rooms/31078236?adults=2&children=0&infants=0&check_in=2022-08-21&check_out=2022-08-28&previous_page_section_name=1000"
"88","Kyotofish·Kyobu*Reformed Machiya*Gardenview Bath","Entire villa","Superhost","5","2","5","1.5","4.74","167","None","None","After 3:00 PM","10:00 AM","Yes","Flexible","94.48","671.62","Karen","https://www.airbnb.com/rooms/18435169?adults=2&children=0&infants=0&check_in=2022-08-15&check_out=2022-08-22&previous_page_section_name=1000"
"89","Kyostay Iroha Toji Main - Room No.3","Entire rental unit","None","2","1","2","1","4.87","84","None","None","After 3:00 PM","11:00 AM","No","Flexible","40.38","274.09","Toji Main","https://www.airbnb.com/rooms/23095286?adults=2&children=0&infants=0&check_in=2022-08-13&check_out=2022-08-20&previous_page_section_name=1000"
"90","Kyoto Sanjo Ohashi Standard Twin Studio No Smoking Standard Twin","Entire rental unit","None","2","1","2","1","4.61","62","This is a rare find.","Kyoto's place on Airbnb is usually fully booked.","4:00 PM - 11:00 PM","11:00 AM","Yes","Flexible","41.84","275.71","Kyoto","https://www.airbnb.com/rooms/45207617?adults=2&children=0&infants=0&check_in=2022-08-23&check_out=2022-08-30&previous_page_section_name=1000"
"91","【STARS】SPACIOUS Townhouse｜5min to sta.｜HeianJing","Entire townhouse","None","5","2","2","1","4.85","13","This is a rare find.","Saki's place on Airbnb is usually fully booked.","After 3:00 PM","10:00 AM","Yes","Flexible","238.66","668.25","Saki","https://www.airbnb.com/rooms/52999068?adults=2&children=0&infants=0&check_in=2022-08-02&check_out=2022-08-09&previous_page_section_name=1000"
"92","KyoYado 4 MIN WALK:FUSHIMI INARI STA. ENTIRE HOUSE","Entire home","Superhost","4","2","2","1.5","4.99","299","Lower price.","Your dates are $135 less than the avg. nightly rate of the last 60 days.","After 3:00 PM","11:00 AM","Yes","Flexible","43.30","377.98","京","https://www.airbnb.com/rooms/10420937?adults=2&children=0&infants=0&check_in=2022-08-20&check_out=2022-08-27&previous_page_section_name=1000"
"93","""Omoide Memories"", Higashiyama, 1 private guest house, quiet, Kyomachiya","Entire guest suite","Superhost","5","2","5","2","4.89","19","None","None","After 3:00 PM","10:00 AM","Yes","Flexible","125.98","740.41","Omoide","https://www.airbnb.com/rooms/51072922?adults=2&children=0&infants=0&check_in=2022-08-09&check_out=2022-08-16&previous_page_section_name=1000"
"94","Kyotofish·Masuya*Reformed Machiya*Gardenview Bath","Entire townhouse","Superhost","9","3","9","3","5.0","3","None","None","After 3:00 PM","10:00 AM","Yes","Flexible","229.46","1,600.68","Karen","https://www.airbnb.com/rooms/563322770306057839?adults=2&children=0&infants=0&check_in=2022-08-08&check_out=2022-08-15&previous_page_section_name=1000"
"95","Shiki Homes | IKKO 10 一耕の宿10","Entire home","Superhost","5","2","4","1.5","4.75","32","Add an extra night and save.","Extend your stay by adding Aug 15 for only $132.","After 4:00 PM","10:00 AM","Yes","Flexible","179.89","842.34","Shiki","https://www.airbnb.com/rooms/39427230?adults=2&children=0&infants=0&check_in=2022-08-08&check_out=2022-08-15&previous_page_section_name=1000"
"96","【U-SHUKU@FUSHIMI INARI】8mins to sta./FREE WIFI","Entire rental unit","None","4","1","2","1","4.92","37","None","None","After 3:00 PM","10:00 AM","Yes","Flexible","90.61","285.42","U-Shuku優宿","https://www.airbnb.com/rooms/34067386?adults=2&children=0&infants=0&check_in=2022-08-03&check_out=2022-08-10&previous_page_section_name=1000"
"97","Room to enjoy the Kyoto.","Entire rental unit","None","2","1","1","1.5","4.73","73","None","None","3:00 PM - 10:00 PM","10:00 AM","Yes","Flexible","28.21","216.59","Taiyo","https://www.airbnb.com/rooms/9263813?adults=2&children=0&infants=0&check_in=2022-08-27&check_out=2022-09-03&previous_page_section_name=1000"
"98","1st Floor,Bathroom ,heating.Katsuragawa station.","Entire home","Superhost","8","3","5","2","4.78","394","None","None","3:00 PM - 10:00 PM","11:00 AM","Yes","Flexible","47.08","419.79","林","https://www.airbnb.com/rooms/5862761?adults=2&children=0&infants=0&check_in=2022-08-09&check_out=2022-08-16&previous_page_section_name=1000"
"99","Kyostay Iroha Toji Main - Room No.2","Entire rental unit","None","2","1","2","1","4.78","40","None","None","After 3:00 PM","11:00 AM","No","Flexible","35.32","242.18","Toji Main","https://www.airbnb.com/rooms/23134952?adults=2&children=0&infants=0&check_in=2022-08-26&check_out=2022-09-02&previous_page_section_name=1000"
"100","【喜舍】【home quarantine ok】2F-machiya/max 8p/二条城","Entire home","None","6","3","6","3","4.80","56","None","None","After 4:00 PM","10:00 AM","Yes","Within 48 Hrs","51.18","380.15","光院","https://www.airbnb.com/rooms/27714365?adults=2&children=0&infants=0&check_in=2022-08-14&check_out=2022-08-21&previous_page_section_name=1000"
"101","DISCOUNT！1min to sta.｜NishikiMarket｜WIFI｜Kyoto","Entire rental unit","None","2","1","2","1","4.79","90","None","None","After 3:00 PM","10:00 AM","Yes","Flexible","88.18","308.61","Be-My-Guest","https://www.airbnb.com/rooms/24528310?adults=2&children=0&infants=0&check_in=2022-08-05&check_out=2022-08-12&previous_page_section_name=1000"
"102","☆20㎡☆10min to Arashiyama, Bamboo,Monkey park!","Entire serviced apartment","Superhost","4","1","2","1","4.97","344","This is a rare find.","Jun & Aki's place on Airbnb is usually fully booked.","After 4:00 PM","11:00 AM","Yes","Flexible","30.82","239.56","Jun & Aki","https://www.airbnb.com/rooms/13675222?adults=2&children=0&infants=0&check_in=2022-08-02&check_out=2022-08-09&previous_page_section_name=1000"
"103","Saiin Station 8 mins on foot,2toilet 2shower room","Entire home","None","8","4","3","2","4.79","42","None","None","3:00 PM - 11:00 PM","11:00 AM","Yes","Flexible","62.99","489.87","Wei","https://www.airbnb.com/rooms/23240270?adults=2&children=0&infants=0&check_in=2022-08-11&check_out=2022-08-18&previous_page_section_name=1000"
"104","【Disinfection】KyotoShijoSta.4mins!King Deluxe R402","Entire rental unit","Superhost","2","1","1","1","4.96","140","Lower price.","Your dates are $108 less than the avg. nightly rate of the last 60 days.","4:00 PM - 2:00 AM","11:00 AM","Yes","Flexible","30.14","265.77","Aika","https://www.airbnb.com/rooms/23988063?adults=2&children=0&infants=0&check_in=2022-08-31&check_out=2022-09-07&previous_page_section_name=1000"
"105","Kyoto Almost Entire 1st Floor Free Bikes w/gardens","Private room in hut","Superhost","4","1","4","1.5","4.95","127","None","None","3:00 PM - 10:00 PM","11:00 AM","Yes","Flexible","59.05","471.71","Tsutomu","https://www.airbnb.com/rooms/8591935?adults=2&children=0&infants=0&check_in=2022-08-01&check_out=2022-08-08&previous_page_section_name=1000"
"106","【INN+Toji Fushin】15min to Kyoto sta｜Japanese Style","Entire townhouse","None","5","2","5","1","4.67","6","This is a rare find.","Saki's place on Airbnb is usually fully booked.","After 3:00 PM","10:00 AM","Yes","Flexible","168.65","413.22","Saki","https://www.airbnb.com/rooms/52557868?adults=2&children=0&infants=0&check_in=2022-08-16&check_out=2022-08-23&previous_page_section_name=1000"
"107","1 room only !!! 32㎡, Deluxe Double (1-2ppl / Non-smoking / Shijo)","Room in hotel","Superhost","2","1","1","1","None","Kyoto,","None","None","3:00 PM - 10:00 PM","11:00 AM","Yes","Flexible","61.69","300.55","Yuki","https://www.airbnb.com/rooms/43561598?adults=2&children=0&infants=0&check_in=2022-08-31&check_out=2022-09-07&previous_page_section_name=1000"
"108","TabitabiStay","Entire home","Superhost","6","3","2","2.5","4.90","62","Good price.","Your dates are $90 less than the avg. nightly rate over the last 3 months.","3:00 PM - 11:00 PM","11:00 AM","Yes","Flexible","232.94","1,689.62","Tabitabi Stay","https://www.airbnb.com/rooms/44691474?adults=2&children=0&infants=0&check_in=2022-08-21&check_out=2022-08-28&previous_page_section_name=1000"
"109","Spacious loft. Accessible to Kyoto stn, Arashiyama","Entire rental unit","Superhost","4","2","4","1","4.93","173","None","None","4:00 PM - 12:00 AM","10:00 AM","Yes","Flexible","78.73","626.67","Ikuyo","https://www.airbnb.com/rooms/20255296?adults=2&children=0&infants=0&check_in=2022-08-10&check_out=2022-08-17&previous_page_section_name=1000"
"110","Miko Town with cobblestones/near Kamo river/modern","Entire condo","None","4","1","2","1","4.91","70","None","None","3:00 PM - 12:00 AM","10:00 AM","Yes","Flexible","86.04","658.17","RESISTAY Support","https://www.airbnb.com/rooms/25172298?adults=2&children=0&infants=0&check_in=2022-08-20&check_out=2022-08-27&previous_page_section_name=1000"
"111","Kyoto luxury house 10min walk to JR Kyoto station","Hut","None","6","3","2","2","4.86","81","None","None","3:00 PM - 11:00 PM","11:00 AM","Yes","Within 48 Hrs","62.13","565.46","Takashi","https://www.airbnb.com/rooms/21982941?adults=2&children=0&infants=0&check_in=2022-08-16&check_out=2022-08-23&previous_page_section_name=1000"
"112","Viale Jurakumawari 10min walk from Nijo Castle#203","Entire serviced apartment","Superhost","3","1","2","1","4.93","184","None","None","3:00 PM - 1:00 AM","10:00 AM","Yes","Within 48 Hrs","58.24","476.02","Yukari","https://www.airbnb.com/rooms/23439418?adults=2&children=0&infants=0&check_in=2022-08-06&check_out=2022-08-13&previous_page_section_name=1000"
"113","D7#Modern Japanese style apt/2 min to Sta.","Entire rental unit","None","2","1","2","1","4.76","62","None","None","After 3:00 PM","10:00 AM","Yes","Flexible","102.54","394.75","D.K.S","https://www.airbnb.com/rooms/30490008?adults=2&children=0&infants=0&check_in=2022-08-03&check_out=2022-08-10&previous_page_section_name=1000"
"114","The best transportation is a 1-minute walk to the Arashiyama bus stop, Arashiyama (hot springs), and you can go anywhere! Free parking!","Entire home","Superhost","6","2",NA,"1","4.94","17","None","None","3:00 PM - 12:00 AM","10:00 AM","Yes","Flexible","62.99","542.70","Soochan","https://www.airbnb.com/rooms/45866768?adults=2&children=0&infants=0&check_in=2022-08-15&check_out=2022-08-22&previous_page_section_name=1000"
"115","Kyotofish·Himawari*100Yr Machiya*%ARABICA Opposite","Entire villa","Superhost","8","3","8","3","4.91","47","None","None","After 3:00 PM","10:00 AM","Yes","Flexible","94.48","699.18","Karen","https://www.airbnb.com/rooms/35581174?adults=2&children=0&infants=0&check_in=2022-08-29&check_out=2022-09-05&previous_page_section_name=1000"
"116","Sweet 305 private room☘️","Entire rental unit","Superhost","2","1","1","1","4.79","243","This is a rare find.","Fusako's place on Airbnb is usually fully booked.","3:00 PM - 10:00 PM","11:00 AM","Yes","Flexible","35.77","253.28","Fusako","https://www.airbnb.com/rooms/17216479?adults=2&children=0&infants=0&check_in=2022-08-07&check_out=2022-08-14&previous_page_section_name=1000"
"117","Traditional Machiya Near World Heritage!","Entire home","None","3","2","2","1","4.92","50","None","None","4:00 PM - 9:00 PM","10:00 AM","Yes","Flexible","88.97","595.55","Rinn","https://www.airbnb.com/rooms/22069201?adults=2&children=0&infants=0&check_in=2022-08-24&check_out=2022-08-31&previous_page_section_name=1000"
"118","[LGS] Perfect Little Studio Apartment Higashiyama","Entire rental unit","None","2","1",NA,"1","4.79","33","This is a rare find.","Legasta's place on Airbnb is usually fully booked.","After 3:00 PM","10:00 AM","Yes","Within 48 Hrs","34.00","266.34","Matatabi Stay","https://www.airbnb.com/rooms/48288781?adults=2&children=0&infants=0&check_in=2022-08-26&check_out=2022-09-02&previous_page_section_name=1000"
"119","Entire house with excellent access 5-minute walk from Kyoto station ~ 5 people [stay Inn Akane Kyoto station]","Entire home","Superhost","5","2","1","1","5.0","3","This is a rare find.","松田's place on Airbnb is usually fully booked.","After 3:00 PM","10:00 AM","No","Flexible","71.27","460.80","松田","https://www.airbnb.com/rooms/54184557?adults=2&children=0&infants=0&check_in=2022-08-02&check_out=2022-08-09&previous_page_section_name=1000"
"120","100 year old Kyoumachiya 【４DK】３min Ginkakuji","Entire home","Superhost","5","2","5","1","4.92","49","None","None","After 4:00 PM","10:00 AM","No","Flexible","82.11","617.27","Tada","https://www.airbnb.com/rooms/33695795?adults=2&children=0&infants=0&check_in=2022-08-13&check_out=2022-08-20&previous_page_section_name=1000"
"121","Near sanjo sta [2QSD]","Entire condo","None","4","1","2","1","4.72","57","None","None","3:00 PM - 12:00 AM","11:00 AM","Yes","Flexible","51.29","398.36","RESISTAY Support","https://www.airbnb.com/rooms/46013889?adults=2&children=0&infants=0&check_in=2022-08-25&check_out=2022-09-01&previous_page_section_name=1000"
"122","[Kyoto Nishijin] 1 room, kitchen with indoor toilet & shower, separate building: Expo Hostel","Private room in townhouse","Superhost","2","1","1","1","4.97","29","This is a rare find.","Cottage's place on Airbnb is usually fully booked.","3:00 PM - 9:00 PM","11:00 AM","Yes","Flexible","31.49","252.09","Cottage","https://www.airbnb.com/rooms/49148648?adults=2&children=0&infants=0&check_in=2022-08-25&check_out=2022-09-01&previous_page_section_name=1000"
"123","B1 Central Kyoto Shijo Kawaramachi Big Sale Early Bird Offer New Opening 3pax Room 30m2 Great Location Gion Takashimaya Nishiki Market Walking Distance","Entire rental unit","None","3","1","1","1.5","4.88","76","Lower price.","Your dates are $369 less than the avg. nightly rate of the last 60 days.","4:00 PM - 12:00 AM","10:00 AM","Yes","Within 48 Hrs","49.73","430.39","華仔","https://www.airbnb.com/rooms/23029043?adults=2&children=0&infants=0&check_in=2022-08-08&check_out=2022-08-15&previous_page_section_name=1000"
"124","[newopen] I feel Kyoto on my skin. Not only for short trips, but also for longer stays! [Discount] Thank you!","Entire townhouse","Superhost","4","2","4","1.5","4.78","18","This is a rare find.","Maya's place on Airbnb is usually fully booked.","After 4:00 PM","10:00 AM","Yes","Flexible","179.79","1,004.50","Maya","https://www.airbnb.com/rooms/51216753?adults=2&children=0&infants=0&check_in=2022-08-19&check_out=2022-08-26&previous_page_section_name=1000"
"125","[8 minutes on foot from Kyoto Station] Japanese-style brand new two-story whole house & 7 minutes from Kintetsu Toji Station & currently open for business! High-speed WiFi","Entire home","None","5","2","5","2","4.45","20","This is a rare find.","Tei's place on Airbnb is usually fully booked.","After 3:00 PM","11:00 AM","Yes","Within 48 Hrs","23.61","237.58","Tei","https://www.airbnb.com/rooms/42105926?adults=2&children=0&infants=0&check_in=2022-08-27&check_out=2022-09-03&previous_page_section_name=1000"
"126","2 Welcome Free wifi near Sta and SC and bus stop","Entire home","Superhost","5","2","5","1","4.96","403","Good price.","Your dates are $7 less than the avg. nightly rate over the last 3 months.","After 3:00 PM",NA,"Yes","Flexible","25.87","205.34","Mitsuo","https://www.airbnb.com/rooms/14239019?adults=2&children=0&infants=0&check_in=2022-08-02&check_out=2022-08-09&previous_page_section_name=1000"
"127","Tanimachi-kun ･ Hoshiya ･ Konojuku/Kyoto Kiyomizu-dera/~ 75★ ㎡ 50% off★","Entire villa","None","8","2","7","1","4.71","59","Good price.","Your dates are $52 less than the avg. nightly rate over the last 3 months.","3:00 PM - 10:00 PM"," smoking","Yes","Flexible","163.31","1,143.20","谷町君","https://www.airbnb.com/rooms/52517638?adults=2&children=0&infants=0&check_in=2022-08-02&check_out=2022-08-09&previous_page_section_name=1000"
"128","KumoMachiya Koima","Entire townhouse","None","2","1","1","1","4.82","17","This is a rare find.","Kumo Machiya's place on Airbnb is usually fully booked.","3:00 PM - 11:00 PM","11:00 AM","Yes","Flexible","101.23","716.48","Kumo Machiya","https://www.airbnb.com/rooms/43850703?adults=2&children=0&infants=0&check_in=2022-08-30&check_out=2022-09-06&previous_page_section_name=1000"
"129","Kirakuan: Modern Machiya in the heart of Kyoto","Entire townhouse","Superhost","5","2","2","1.5","4.96","205","None","None","3:00 PM - 8:00 PM","11:00 AM","Yes","Within 48 Hrs","141.72","1,063.83","Mako","https://www.airbnb.com/rooms/1163627?adults=2&children=0&infants=0&check_in=2022-08-19&check_out=2022-08-26&previous_page_section_name=1000"
"130","In Ninen-zaka!Traditional house like art gallery!","Entire home","None","4","2","1","1","4.84","238","None","None","After 3:00 PM","11:00 AM","Yes","Flexible","86.61","669.62","RESISTAY Support","https://www.airbnb.com/rooms/7098261?adults=2&children=0&infants=0&check_in=2022-08-27&check_out=2022-09-03&previous_page_section_name=1000"
"131","Traditional but modern house/ 7min from Kyoto sta.","Entire townhouse","Superhost","4","2","4","1","4.89","227","None","None","After 4:00 PM","11:00 AM","Yes","Flexible","196.84","1,666.33","Ryoji","https://www.airbnb.com/rooms/20856174?adults=2&children=0&infants=0&check_in=2022-08-16&check_out=2022-08-23&previous_page_section_name=1000"
"132","MAX5!7min to Kyoto Sta.Free Wi-Fi&Android TV[JFSK]","Entire condo","None","5","2","2","1","5.0","24","None","None","3:00 PM - 12:00 AM","11:00 AM","No","Flexible","86.61","651.73","RESISTAY Support","https://www.airbnb.com/rooms/33353936?adults=2&children=0&infants=0&check_in=2022-08-26&check_out=2022-09-02&previous_page_section_name=1000"
"133","15mins Kyoto Sta☘- Luxurious Ryokan Style Stay-","Entire townhouse","Superhost","4","2","4","1","4.93","85","This is a rare find.","Number6's place on Airbnb is usually fully booked.","3:00 PM - 9:00 PM","11:00 AM","Yes","Flexible","206.96","1,303.85","Number6","https://www.airbnb.com/rooms/21883857?adults=2&children=0&infants=0&check_in=2022-08-05&check_out=2022-08-12&previous_page_section_name=1000"
"134","[OG] Japanese House in Downtown Kyoto for 4 PPL","Entire townhouse","None","4","1","4","1","4.80","191","This is a rare find.","Kyo-Machiya's place on Airbnb is usually fully booked.","After 3:00 PM","10:00 AM","Yes","Within 48 Hrs","52.75","386.22","Matatabi","https://www.airbnb.com/rooms/9413461?adults=2&children=0&infants=0&check_in=2022-08-31&check_out=2022-09-07&previous_page_section_name=1000"
"135","*Room402*Kyotofish Boutique Hotel*1min to Kamogawa","Room in boutique hotel","Superhost","2","1","2","1.5","4.82","45","None","None","After 3:00 PM","11:00 AM","Yes","Flexible","51.18","368.09","Karen","https://www.airbnb.com/rooms/39266804?adults=2&children=0&infants=0&check_in=2022-08-24&check_out=2022-08-31&previous_page_section_name=1000"
"136","CleanChic Home near Nijo-Castle/Free WiFi","Entire home","None","5","2","1","1","4.77","311","None","None","After 3:00 PM","10:00 AM","Yes","Flexible","65.24","550.37","Tomoko","https://www.airbnb.com/rooms/11781600?adults=2&children=0&infants=0&check_in=2022-08-22&check_out=2022-08-29&previous_page_section_name=1000"
"137","Cityscape that rewinds the space-time of the heart","Hut","Superhost","7","2","4","1","4.93","101","None","None","After 4:00 PM","10:00 AM","No","Flexible","204.71","1,018.80","Takeshi","https://www.airbnb.com/rooms/25523632?adults=2&children=0&infants=0&check_in=2022-08-22&check_out=2022-08-29&previous_page_section_name=1000"
"138","Tofukuji SAKURA 東福寺 桜","Entire vacation home","Superhost","7","2","7","1.5",NA,"1","None","None","After 4:00 PM","10:00 AM","Yes","Flexible","161.35","889.66","Shiki","https://www.airbnb.com/rooms/572578834795429670?adults=2&children=0&infants=0&check_in=2022-08-18&check_out=2022-08-25&previous_page_section_name=1000"
"139","Kyokoi-kiyomizu","Entire villa","Superhost","4","2","5","1.5","4.84","94","This is a rare find.","叶（京恋）'s place on Airbnb is usually fully booked.","3:00 PM - 8:00 PM","10:00 AM","Yes","Within 48 Hrs","94.48","718.84","叶（京恋）","https://www.airbnb.com/rooms/11827836?adults=2&children=0&infants=0&check_in=2022-08-03&check_out=2022-08-10&previous_page_section_name=1000"
"140","Expo Hostel Nishi Room3 1000yen bike for your stay","Private room in hostel","Superhost","2","1","2","1","4.90","310","None","None","3:00 PM - 9:00 PM","11:00 AM","Yes","Flexible","27.56","237.52","Expo","https://www.airbnb.com/rooms/8297166?adults=2&children=0&infants=0&check_in=2022-08-29&check_out=2022-09-05&previous_page_section_name=1000"
"141","Central Kyoto Amazing Place! 5PPL","Entire rental unit","Superhost","5","2","4","1","4.60","155","Extend your trip and save.","None","After 3:00 PM","10:00 AM","Yes","Within 48 Hrs","121.48","458.26","Shinichi","https://www.airbnb.com/rooms/9130983?adults=2&children=0&infants=0&check_in=2022-08-14&check_out=2022-08-21&previous_page_section_name=1000"
"142","Resort Kyomachiya Gen Bisyamon/Gojo Sta. 4 mins","Entire home","Superhost","5","2","2","1","4.85","141","None","None","3:00 PM - 6:00 PM","10:00 AM","Yes","Flexible","155.22","1,219.78","Connections","https://www.airbnb.com/rooms/23771183?adults=2&children=0&infants=0&check_in=2022-08-01&check_out=2022-08-08&previous_page_section_name=1000"
"143","Family Suite・NETFLIX & Free Starbucks @KARAWAMACHI","Room in aparthotel","Superhost","4","1","2","1","5.0","3","None","None","After 3:00 PM","10:00 AM","Yes","Flexible","162.98","798.65","デザインホテル","https://www.airbnb.com/rooms/49359591?adults=2&children=0&infants=0&check_in=2022-08-17&check_out=2022-08-24&previous_page_section_name=1000"
"144","New construction,Long-term discount, Free Wi-Fi 1F","Private room in home","Superhost","3","1","3","1","4.85","119","None","None","After 4:00 PM","10:00 AM","Yes","Flexible","55.11","471.81","Takeshi","https://www.airbnb.com/rooms/17016274?adults=2&children=0&infants=0&check_in=2022-08-12&check_out=2022-08-19&previous_page_section_name=1000"
"145","TabitabiStay「Taishi」","Entire home","Superhost","5","2","1","1","4.94","79","This is a rare find.","Tabitabi Stay's place on Airbnb is usually fully booked.","3:00 PM - 11:00 PM","11:00 AM","Yes","Flexible","173.79","1,171.17","Tabitabi Stay","https://www.airbnb.com/rooms/33410974?adults=2&children=0&infants=0&check_in=2022-08-31&check_out=2022-09-07&previous_page_section_name=1000"
"146","Keimeisha, Machiya Hse, 12 min walk to Kyoto Sta","Hut","None","8","3","8","2","4.77","62","None","None","3:00 PM - 12:00 AM","10:00 AM","Yes","Flexible","62.99","521.62","Naoyuki","https://www.airbnb.com/rooms/35079954?adults=2&children=0&infants=0&check_in=2022-08-02&check_out=2022-08-09&previous_page_section_name=1000"
"147","Gion Shijo Station 1 minute, 10 people staying overlooking Yasaka Shrine and Kamo River from the window, private lodging, home party, dog friendly","Entire condo","Superhost","10","1","1","2","4.83","47","None","None","After 3:00 PM","11:00 AM","Yes","Flexible","157.47","1,136.89","欒","https://www.airbnb.com/rooms/51905865?adults=2&children=0&infants=0&check_in=2022-08-25&check_out=2022-09-01&previous_page_section_name=1000"
"148","4 min JR Sta. traditional & modern free NETFLIX","Entire home","Superhost","9","3","7","1.5",NA,"1","This is a rare find.","Raina & Jelly's place on Airbnb is usually fully booked.","After 4:00 PM","11:00 AM","No","Flexible","131.60","733.64","Raina&Jelly","https://www.airbnb.com/rooms/48727749?adults=2&children=0&infants=0&check_in=2022-08-29&check_out=2022-09-05&previous_page_section_name=1000"
"149","Kyotofish·Ishibei*DT Gardenview Bath*Gion Center","Entire villa","Superhost","6","3","6","2","4.79","98","None","None","After 3:00 PM","10:00 AM","Yes","Flexible","188.96","1,311.68","Karen","https://www.airbnb.com/rooms/33754871?adults=2&children=0&infants=0&check_in=2022-08-23&check_out=2022-08-30&previous_page_section_name=1000"
"150","UP TO 55%OFF｜1min to sta.｜WIFI｜KYOTO CENTER","Entire rental unit","None","4","1","2","1","4.83","36","None","None","After 3:00 PM","10:00 AM","Yes","Flexible","106.29","372.01","Be-My-Guest","https://www.airbnb.com/rooms/24527919?adults=2&children=0&infants=0&check_in=2022-08-02&check_out=2022-08-09&previous_page_section_name=1000"
"151","KyotoStaKujoStaArea!FreeWIFI＋Bikes!CharteredHouse!","Entire home","Superhost","4","2","2","1","4.54","80","None","None","After 4:00 PM","10:00 AM","Yes","Flexible","41.62","440.29","Takeshi","https://www.airbnb.com/rooms/28285909?adults=2&children=0&infants=0&check_in=2022-08-24&check_out=2022-08-31&previous_page_section_name=1000"
"152","KABUKI Fun/Gion&Nishiki W/K /Free internet","Entire rental unit","None","3","1","3","1","4.63","52","None","None","After 3:00 PM","10:00 AM","Yes","Flexible","31.49","265.48","Sugimoto","https://www.airbnb.com/rooms/26581579?adults=2&children=0&infants=0&check_in=2022-08-29&check_out=2022-09-05&previous_page_section_name=1000"
"153","Sweet  303 private room 🌼","Entire rental unit","Superhost","2","1","1","1","4.76","171","This is a rare find.","Fusako's place on Airbnb is usually fully booked.","3:00 PM - 11:00 PM","11:00 AM","Yes","Flexible","33.30","236.83","Fusako","https://www.airbnb.com/rooms/21086651?adults=2&children=0&infants=0&check_in=2022-08-16&check_out=2022-08-23&previous_page_section_name=1000"
"154","Expo Hostel Ori #4 : Private Room Double bed","Private room in hostel","Superhost","2","1","1","2.5","4.91","323","None","None","3:00 PM - 9:00 PM","11:00 AM","Yes","Flexible","31.27","273.41","Expo","https://www.airbnb.com/rooms/8477120?adults=2&children=0&infants=0&check_in=2022-08-16&check_out=2022-08-23&previous_page_section_name=1000"
"155","The OneFive Kyoto Shijo","This is a hote","Superhost","None",NA,NA,NA,"4.79","138","None","None","3:00 PM - 12:00 AM","10:00 AM","Yes","Flexible","71.58","429.50","ザ・ワンファイブ京都四条","https://www.airbnb.com/hotels/44779721?adults=2&children=0&infants=0&previous_page_section_name=1000"
"156","Japanese traditional house excellent location.","Entire home hosted by Kosuke","None","5","2","4","1.5","4.94","133","None","None","After 11:00 AM","5:00 PM","Yes","Within 48 Hrs","275.57","1,214.12","Kosuke","https://www.airbnb.com/rooms/10184721?adults=2&children=0&infants=0&check_in=2022-08-30&check_out=2022-09-06&previous_page_section_name=1000"
"157","Kyoto Sanjo Ohashi Deluxe Studio No Smoking Deluxe Apartment","Entire rental unit hosted by Kyoto","None","5","1","3","1","4.67","30","None","None","4:00 PM - 11:00 PM","11:00 AM","Yes","Flexible","60.74","388.19","Kyoto","https://www.airbnb.com/rooms/45207660?adults=2&children=0&infants=0&check_in=2022-08-24&check_out=2022-08-31&previous_page_section_name=1000"
"158","Renovated Machiya Inn「Crimson」near Golden Pavilion","Entire home hosted by Sushu","Superhost","5","2","2","1.5","4.95","96","None","None","After 4:00 PM","10:00 AM","Yes","Flexible","86.61","646.08","Sushu","https://www.airbnb.com/rooms/17563380?adults=2&children=0&infants=0&check_in=2022-08-15&check_out=2022-08-22&previous_page_section_name=1000"
"159","D6#Spacious Room/Close to Kawaramachi","Entire rental unit hosted by D.K.S","None","2","1","2","1","4.73","95","None","None","After 3:00 PM","10:00 AM","Yes","Flexible","100.60","387.31","Kawaramachi","https://www.airbnb.com/rooms/15200716?adults=2&children=0&infants=0&check_in=2022-08-01&check_out=2022-08-08&previous_page_section_name=1000"
"160","MANGA Design・1 Bed・Free WIFI・Baggage Keeper","Room in aparthotel hosted by Hotel Tavinos Kyoto","Superhost","2","1","1","1","4.80","82","Lower price.","Your dates are $150 less than the avg. nightly rate of the last 60 days.","3:00 PM - 12:00 AM","11:00 AM","Yes","Flexible","47.69","297.12","Hotel Travinos Kyoto","https://www.airbnb.com/rooms/51134933?adults=2&children=0&infants=0&check_in=2022-08-30&check_out=2022-09-06&previous_page_section_name=1000"
"161","雲町屋 小月 KumoMachiya KOTSUKI","Entire townhouse hosted by Kumo Machiya","None","6","3","1","1.5","4.76","34","None","None","3:00 PM - 11:00 PM","11:00 AM","Yes","Flexible","98.98","711.78","Kumo Machiya","https://www.airbnb.com/rooms/15438182?adults=2&children=0&infants=0&check_in=2022-08-10&check_out=2022-08-17&previous_page_section_name=1000"
"162","★Fully renovated floor-heated★ Kyo-machiya with comfortable open-air bath and garten view from the living room for a healing time","Entire home hosted by 林音","Superhost","8","3","1","2","4.98","40","None","None","4:00 PM - 9:00 PM","10:00 AM","Yes","Flexible","256.45","1,813.20","林音","https://www.airbnb.com/rooms/45343156?adults=2&children=0&infants=0&check_in=2022-08-03&check_out=2022-08-10&previous_page_section_name=1000"
"163","Magazine-featured Certified 1918 Kyo-Machiya","Entire home hosted by Jun","Superhost","5","2","4","1","4.85","94","Lower price.","Your dates are $133 less than the avg. nightly rate of the last 60 days.","3:00 PM - 12:00 AM","10:00 AM","Yes","Flexible","46.45","383.97","Jun","https://www.airbnb.com/rooms/32414748?adults=2&children=0&infants=0&check_in=2022-08-29&check_out=2022-09-05&previous_page_section_name=1000"
"164","Takatsuji roseheights in Saiin Free wi-fi.","Entire rental unit hosted by ローズハイツ","None","3","1","1","1","4.21","19","None","None","After 3:00 PM","10:00 AM","Yes","Flexible","31.49","239.32","ローズハイツ","https://www.airbnb.com/rooms/38366440?adults=2&children=0&infants=0&check_in=2022-08-30&check_out=2022-09-06&previous_page_section_name=1000"
"165","TABITABI KANOE MITSU","Entire townhouse hosted by Tabitabi Stay","Superhost","4","2",NA,"2",NA,"1","None","None","After 3:00 PM","11:00 AM","Yes","Flexible","251.58","1,732.04","Tabitabi Stay","https://www.airbnb.com/rooms/564149285830849972?adults=2&children=0&infants=0&check_in=2022-08-28&check_out=2022-09-04&previous_page_section_name=1000"
"166","· 10 * * * * 2 *","Private room in villa hosted by 株式会社","Superhost","2","1","2","1.5","4.80","94","This is a rare find.","株式会社's place on Airbnb is usually fully booked.","3:00 PM - 8:00 PM","10:00 AM","Yes","Within 48 Hrs","112.48","833.03","株式会社","https://www.airbnb.com/rooms/32598860?adults=2&children=0&infants=0&check_in=2022-08-17&check_out=2022-08-24&previous_page_section_name=1000"
"167","Ming's House Japanese House 11 min walk Kyoto Sta.","Entire home hosted by Naoyuki","None","4","1","3","1",NA,"2","This is a rare find.","Company's place on Airbnb is usually fully booked.","After 3:00 PM","10:00 AM","Yes","Flexible","37.46","343.76","Naoyuki","https://www.airbnb.com/rooms/52467760?adults=2&children=0&infants=0&check_in=2022-08-03&check_out=2022-08-10&previous_page_section_name=1000"
"168","[SZ]Historic Higashiyama Machiya for 2 Guests","Tiny home hosted by Matatabi","None","2","1","2","1.5","4.78","288","Lower price.","Your dates are $69 less than the avg. nightly rate of the last 60 days.","After 3:00 PM","10:00 AM","Yes","Within 48 Hrs","58.36","419.57","Matatabi","https://www.airbnb.com/rooms/7585177?adults=2&children=0&infants=0&check_in=2022-08-01&check_out=2022-08-08&previous_page_section_name=1000"
"169","Kyotofish·Gion*100Yr Geishahouse Reformed*Licensed","Entire villa hosted by Karen","Superhost","7","3","7","2","4.76","107","Good price.","Your dates are $18 less than the avg. nightly rate over the last 3 months.","After 3:00 PM","10:00 AM","Yes","Flexible","94.48","679.50","Karen","https://www.airbnb.com/rooms/22424990?adults=2&children=0&infants=0&check_in=2022-08-21&check_out=2022-08-28&previous_page_section_name=1000"
"170","Luxury Japanese tranditional + Great location","Entire townhouse hosted by Satoru","None","6","3","4","1","4.91","165","Lower price.","Your dates are $250 less than the avg. nightly rate of the last 60 days.","After 3:00 PM","10:00 AM","No","Flexible","127.00","970.11","Satoru","https://www.airbnb.com/rooms/15592439?adults=2&children=0&infants=0&check_in=2022-08-27&check_out=2022-09-03&previous_page_section_name=1000"
"171","[NearGion, Arashiyama]Machiya near Nijo castle","Entire townhouse hosted by Hershey","Superhost","5","2","4","2","4.89","242","None","None","3:00 PM - 2:00 AM","11:00 AM","Yes","Flexible","184.26","1,192.37","Hershey","https://www.airbnb.com/rooms/14119709?adults=2&children=0&infants=0&check_in=2022-08-20&check_out=2022-08-27&previous_page_section_name=1000"
"172","Enjoy an extraordinary experience in Kyoto's Takasegawa Riverside Machiya Suite Exclusively available until August for entire homes rented out per group per day♪ 　","Entire home hosted by うめ","None","5","3","3","1","5.0","11","None","None","3:00 PM - 11:00 PM","10:00 AM","Yes","Flexible","141.72","1,187.99","うめ","https://www.airbnb.com/rooms/44053811?adults=2&children=0&infants=0&check_in=2022-08-01&check_out=2022-08-08&previous_page_section_name=1000"
"173","Guesthouse Umeya twinroom with private garden","Private room in townhouse hosted by お宿梅夜","Superhost","2","1","2","1","4.87","214","None","None","4:00 PM - 9:00 PM","11:00 AM","No","Flexible","67.48","399.98","お宿梅夜","https://www.airbnb.com/rooms/16597516?adults=2&children=0&infants=0&check_in=2022-08-14&check_out=2022-08-21&previous_page_section_name=1000"
"174","You can go sightseeing and shopping next to Kyoto station, and you can sleep in the inn when you leave. Heartfelt service, just to make you feel like you belong!","Entire home hosted by 紅梅","Superhost","10","4","10","2","4.73","242","None","None","After 11:00 AM","2:00 PM","Yes","Flexible","72.73","609.03","紅梅","https://www.airbnb.com/rooms/13847481?adults=2&children=0&infants=0&check_in=2022-08-01&check_out=2022-08-08&previous_page_section_name=1000"
"175","【Annex Suite102】1min walk from Nishiki Food Market","Entire townhouse hosted by RESISTAY Support","None","4","1","2","1","4.85","20","None","None","3:00 PM - 12:00 AM","11:00 AM","Yes","Flexible","126.03","935.18","RESISTAY Support","https://www.airbnb.com/rooms/19645774?adults=2&children=0&infants=0&check_in=2022-08-26&check_out=2022-09-02&previous_page_section_name=1000"
"176","traditional&modern 2 bedrm★small car free parking","Entire home hosted by Raina&Jelly","Superhost","9","2","5","1.5","4.89","9","None","None","After 4:00 PM","11:00 AM","No","Flexible","130.47","549.57","Raina&Jelly","https://www.airbnb.com/rooms/45211796?adults=2&children=0&infants=0&check_in=2022-08-27&check_out=2022-09-03&previous_page_section_name=1000"
"177","TabitabiStay「Moonlight」","Entire home hosted by Tabitabi Stay","Superhost","5","2","2","1.5","4.85","53","This is a rare find.","Tabitabi Stay's place on Airbnb is usually fully booked.","3:00 PM - 11:00 PM","11:00 AM","Yes","Flexible","195.93","1,356.48","Tabitabi Stay","https://www.airbnb.com/rooms/33622503?adults=2&children=0&infants=0&check_in=2022-08-18&check_out=2022-08-25&previous_page_section_name=1000"
"178","HIBIタウンハウス現代設備の京町家貸切、嵐山、金閣寺バス停2分、着付自転車、JR円町駅から歩10分","Entire home hosted by Yoko","None","4","3","6","1","4.98","121","None","None","3:00 PM - 8:00 PM","10:00 AM","Yes","Flexible","77.16","581.66","Yoko","https://www.airbnb.com/rooms/22524166?adults=2&children=0&infants=0&check_in=2022-08-08&check_out=2022-08-15&previous_page_section_name=1000"
"179","SATO 201 Perfect location! Near Kamo river","Entire rental unit hosted by Kenta","None","2","1","1","1","4.74","216","This is a rare find.","Kenta's place on Airbnb is usually fully booked.","3:00 PM - 11:00 PM","11:00 AM","Yes","Within 48 Hrs","29.92","240.50","Kenta","https://www.airbnb.com/rooms/17929678?adults=2&children=0&infants=0&check_in=2022-08-15&check_out=2022-08-22&previous_page_section_name=1000"
"180","雲町屋 小杉 KumoMachiya KOSUGI","Entire home hosted by Kumo Machiya","None","4","2","4","1.5","4.68","47","None","None","3:00 PM - 11:00 PM","11:00 AM","Yes","Flexible","89.98","644.00","Kumo Machiya","https://www.airbnb.com/rooms/18296599?adults=2&children=0&infants=0&check_in=2022-08-20&check_out=2022-08-27&previous_page_section_name=1000"
"181","[JZ] Cozy Japanese Home 10 minutes to Heian sh..","Entire townhouse hosted by Matatabi","None","2","1","1","1.5","4.74","276","This is a rare find.","Kyo-Machiya's place on Airbnb is usually fully booked.","After 3:00 PM","10:00 AM","Yes","Within 48 Hrs","56.59","411.74","Matatabi","https://www.airbnb.com/rooms/3556766?adults=2&children=0&infants=0&check_in=2022-08-26&check_out=2022-09-02&previous_page_section_name=1000"
"182","12min.from Kyoto sta.Japanese old style house","Entire home hosted by Yoshiyuki","None","4","2",NA,"1","4.89","27","None","None","3:00 PM - 9:00 PM","10:00 AM","No","Within 48 Hrs","62.99","485.68","Yoshiyuki","https://www.airbnb.com/rooms/19165698?adults=2&children=0&infants=0&check_in=2022-08-19&check_out=2022-08-26&previous_page_section_name=1000"
"183","New construction,Long-term discount, Free Wi-Fi　２F","Private room in home hosted by Takeshi","Superhost","4","1",NA,"1","4.93","91","This is a rare find.","宮口's place on Airbnb is usually fully booked.","After 4:00 PM","10:00 AM","Yes","Flexible","55.11","471.81","Takeshi","https://www.airbnb.com/rooms/17003802?adults=2&children=0&infants=0&check_in=2022-08-21&check_out=2022-08-28&previous_page_section_name=1000"
"184","GION Room/Gion Walking distance/Free internet","Entire rental unit hosted by Sugimoto","None","3","1","3","1","4.57","96","Lower price.","Your dates are $33 less than the avg. nightly rate of the last 60 days.","After 3:00 PM","10:00 AM","Yes","Flexible","33.07","276.82","Sugimoto","https://www.airbnb.com/rooms/26584601?adults=2&children=0&infants=0&check_in=2022-08-30&check_out=2022-09-06&previous_page_section_name=1000"
"185","The Kyo-machiya is full of romance! It can accommodate 9 people in one building, and it is fully equipped for long-term stays! It is a 10-minute walk from Kyoto Station!","Entire home hosted by Komori","Superhost","9","3","9","1","4.98","40","None","None","3:00 PM - 8:00 PM","10:00 AM","Yes","Flexible","196.84","849.09","Komori","https://www.airbnb.com/rooms/28529917?adults=2&children=0&infants=0&check_in=2022-08-30&check_out=2022-09-06&previous_page_section_name=1000"
"186","Kyotofish·Komatsu*Gion 100Yr Machiya*Maple Garden","Entire villa hosted by Karen","Superhost","5","3","5","2","4.69","70","None","None","After 3:00 PM","10:00 AM","Yes","Flexible","114.73","821.98","Karen","https://www.airbnb.com/rooms/26889434?adults=2&children=0&infants=0&check_in=2022-08-07&check_out=2022-08-14&previous_page_section_name=1000"
"187","10mins from SHIJO station In the Heart of Kyoto!4A","Entire rental unit hosted by Shoji","Superhost","2","1","1","1","5.0","8","None","None","After 3:00 PM","10:00 AM","Yes","Flexible","47.24","390.84","Shoji","https://www.airbnb.com/rooms/45347165?adults=2&children=0&infants=0&check_in=2022-08-14&check_out=2022-08-21&previous_page_section_name=1000"
"188","Sweet 302 private room","Entire rental unit hosted by Fusako","Superhost","2","1","1","1","4.81","228","This is a rare find.","Fusako's place on Airbnb is usually fully booked.","3:00 PM - 11:00 PM","11:00 AM","Yes","Flexible","38.13","268.96","Fusako","https://www.airbnb.com/rooms/17447851?adults=2&children=0&infants=0&check_in=2022-08-15&check_out=2022-08-22&previous_page_section_name=1000"
"189","【Kyofuji】Near Nijo Castle★calligraphy experience♪","Entire home hosted by Kyo","None","5","2","5","1","5.0","43","This is a rare find.","Kyo's place on Airbnb is usually fully booked.","4:00 PM - 11:00 PM","11:00 AM","Yes","Flexible","86.02","681.95","Kyo","https://www.airbnb.com/rooms/34960403?adults=2&children=0&infants=0&check_in=2022-08-30&check_out=2022-09-06&previous_page_section_name=1000"
"190","Traditional luxury MACHIYA ""Retreat Kamikashiwano""","Entire townhouse hosted by Sanki","None","5","2","2","1","4.94","18","None","None","1:00 PM - 6:00 PM","11:00 AM","Yes","Flexible","181.09","1,220.15","Sanki","https://www.airbnb.com/rooms/33024602?adults=2&children=0&infants=0&check_in=2022-08-08&check_out=2022-08-15&previous_page_section_name=1000"
"191","Clean&modern STUDIO 15 min to Kyoto St Twin","Entire rental unit hosted by 長野家","Superhost","2","Studio",NA,"baths","4.93","73","This is a rare find.","長野家's place on Airbnb is usually fully booked.","4:00 PM - 9:00 PM","11:00 AM","Yes","Flexible","81.55","456.68","長野家","https://www.airbnb.com/rooms/17180955?adults=2&children=0&infants=0&check_in=2022-08-13&check_out=2022-08-20&previous_page_section_name=1000"
"192","A:Kyoto wood bath MACHIYA. subway 5 min","Entire home hosted by Sayumi & Yasuhiro","Superhost","4","1","4","1","4.98","63","None","None","After 3:00 PM","11:00 AM","No","Flexible","204.71","1,471.75","Sayumi & Yasuhiro","https://www.airbnb.com/rooms/18378087?adults=2&children=0&infants=0&check_in=2022-08-26&check_out=2022-09-02&previous_page_section_name=1000"
"193","Old Traditional House/Experience retro living in a 100-year-old Kyomachiya/Nijo Saiin area","Entire townhouse hosted by Eri","None","4","2","2","Half-bath","None","Kyoto,","Special offer: $33 off this home.","This host is offering a one-time deal to the first 3 guests who book a trip between now and Aug 18.","3:00 PM - 9:00 PM","11:00 AM","Yes","Flexible","47.24","339.65","Eri","https://www.airbnb.com/rooms/630923744781375817?adults=2&children=0&infants=0&check_in=2022-08-07&check_out=2022-08-14&previous_page_section_name=1000"
"194","3min to Station  Btype 48m2「Kiyomizu Luxury Stay」","Entire rental unit hosted by Sumi","None","4","1","3","1","4.95","41","None","None","3:00 PM - 10:00 PM","10:00 AM","Yes","Flexible","91.56","734.19","Sumi","https://www.airbnb.com/rooms/26521450?adults=2&children=0&infants=0&check_in=2022-08-11&check_out=2022-08-18&previous_page_section_name=1000"
"195","和楽庵【Twin】100 Year old Machiya Guest House  (3 pax)","Private room in townhouse hosted by ｹﾞｽﾄﾊｳｽ 和楽庵","Superhost","3","1","3","2.5","4.79","167","None","None","12:00 PM - 9:00 PM","11:00 AM","No","Flexible","56.30","376.74","ｹﾞｽﾄﾊｳｽ 和楽庵","https://www.airbnb.com/rooms/22867503?adults=2&children=0&infants=0&check_in=2022-08-15&check_out=2022-08-22&previous_page_section_name=1000"
"196","’’MACHIYA’’ PICK-UP ＆ KEEP LUGGAGE ,WIFI+３ PARKING","Hut hosted by Nori","None","14","6","12","3","4.66","356","Good price.","Your dates are $221 less than the avg. nightly rate over the last 3 months.","3:00 PM - 9:00 PM","10:00 AM","Yes","Flexible","162.26","1,202.94","Nori","https://www.airbnb.com/rooms/23427202?adults=2&children=0&infants=0&check_in=2022-08-22&check_out=2022-08-29&previous_page_section_name=1000"
"197","【Cochi-en】A luxury Machiya suite for vacation home","Entire villa hosted by Accommo","None","7","2","5","1.5",NA,"1","None","None","3:00 PM - 8:00 PM","10:00 AM","Yes","Flexible","219.56","1,229.53","Accommo","https://www.airbnb.com/rooms/37381541?adults=2&children=0&infants=0&check_in=2022-08-19&check_out=2022-08-26&previous_page_section_name=1000"
"198","Shiki Homes | KYOKA 鏡花","Entire home hosted by Shiki","Superhost","4","2","3","1.5","4.83","24","None","None","4:00 PM - 10:00 PM","10:00 AM","Yes","Flexible","134.27","756.97","Shiki","https://www.airbnb.com/rooms/35468730?adults=2&children=0&infants=0&check_in=2022-08-28&check_out=2022-09-04&previous_page_section_name=1000"
"199","Sweet 202 Private Room\ ️","Entire rental unit hosted by Fusako","Superhost","2","1","1","1","4.84","126","This is a rare find.","Fusako's place on Airbnb is usually fully booked.","1:00 PM - 11:00 PM","11:00 AM","Yes","Flexible","38.13","268.96","Fusako","https://www.airbnb.com/rooms/30217767?adults=2&children=0&infants=0&check_in=2022-08-10&check_out=2022-08-17&previous_page_section_name=1000"
"200","Live deep inside Kyoto! CuteCozy StudioFlat W/WiFi","Entire home hosted by Kotomal","Superhost","4","1","2","1","4.69","238","None","None","After 3:00 PM","10:00 AM","Yes","Flexible","47.24","412.64","Kotomal","https://www.airbnb.com/rooms/15027997?adults=2&children=0&infants=0&check_in=2022-08-06&check_out=2022-08-13&previous_page_section_name=1000"
"201","Takeaway TO DOB","Entire home hosted by Tabitabi Stay","Superhost","4","2",NA,"2","4.67","3","None","None","After 3:00 PM","11:00 AM","Yes","Flexible","254.91","1,843.43","Tabitabi Stay","https://www.airbnb.com/rooms/576254019930866275?adults=2&children=0&infants=0&check_in=2022-08-15&check_out=2022-08-22&previous_page_section_name=1000"
"202","No.10 HANA Chic and Modern Japanese Apartment","Entire townhouse hosted by Number6","Superhost","4","2","1","1","4.80","15","This is a rare find.","Number6's place on Airbnb is usually fully booked.","3:00 PM - 9:00 PM","11:00 AM","Yes","Flexible","191.21","1,204.60","Number6","https://www.airbnb.com/rooms/22660350?adults=2&children=0&infants=0&check_in=2022-08-19&check_out=2022-08-26&previous_page_section_name=1000"
"203","三条PREMIUM","Entire home hosted by 京都ivy","None","5","2","5","1","4.89","36","Lower price.","Your dates are $239 less than the avg. nightly rate of the last 60 days.","1:00 PM - 8:00 PM","10:00 AM","No","Flexible","71.65","594.41","京都ivy","https://www.airbnb.com/rooms/30189591?adults=2&children=0&infants=0&check_in=2022-08-17&check_out=2022-08-24&previous_page_section_name=1000"
"204","RakutenSTAY KyotoStation【Twin Room with Projector】","Room in hotel hosted by Rakuten STAY","Superhost","2","1","2","1","4.73","48","Add an extra night and save.","Extend your stay by adding Aug 16 for only $67.","After 3:00 PM","10:00 AM","No","Flexible","98.98","519.64","Rakuten STAY","https://www.airbnb.com/rooms/48835575?adults=2&children=0&infants=0&check_in=2022-08-09&check_out=2022-08-16&previous_page_section_name=1000"
"205","Reiki-An Kyoto Ayano-koji","Entire home hosted by Reiki-An","None","5","2","4","1.5","4.97","64","None","None","3:00 PM - 6:00 PM","11:00 AM","Yes","Flexible","139.02","721.84","Reiki-An","https://www.airbnb.com/rooms/29603105?adults=2&children=0&infants=0&check_in=2022-08-09&check_out=2022-08-16&previous_page_section_name=1000"
"206","Cozy and Quiet Arthouse/ SANZEN-YA KYOTO（さんぜんや京都）","Entire home hosted by Shirley","None","2","1",NA,"1","4.83","243","None","None","3:00 PM - 8:00 PM","11:00 AM","Yes","Flexible","96.73","762.44","Shirley","https://www.airbnb.com/rooms/6628536?adults=2&children=0&infants=0&check_in=2022-08-07&check_out=2022-08-14&previous_page_section_name=1000"
"207","MAX3!7min to Kyoto Sta.Free WiFi&Android TV![SPTK]","Entire condo hosted by RESISTAY Support","None","3","1","3","1","5.0","3","None","None","3:00 PM - 12:00 AM","11:00 AM","No","Flexible","60.74","479.71","RESISTAY Support","https://www.airbnb.com/rooms/33894059?adults=2&children=0&infants=0&check_in=2022-08-30&check_out=2022-09-06&previous_page_section_name=1000"
"208","雲町屋 風早 KumoMachiya Kazahaya","Entire home hosted by Kumo Machiya","None","6","3","6","2","4.97","37","This is a rare find.","Kumo Machiya's place on Airbnb is usually fully booked.","3:00 PM - 11:00 PM","11:00 AM","Yes","Flexible","169.84","1,190.88","Kumo Machiya","https://www.airbnb.com/rooms/21927596?adults=2&children=0&infants=0&check_in=2022-08-30&check_out=2022-09-06&previous_page_section_name=1000"
"209","Shiki Homes | IKKO 8  一耕の宿8","Entire home hosted by Shiki","Superhost","5","2","3","1.5","4.60","20","None","None","After 4:00 PM","10:00 AM","Yes","Flexible","135.22","654.71","Shiki","https://www.airbnb.com/rooms/39422214?adults=2&children=0&infants=0&check_in=2022-08-14&check_out=2022-08-21&previous_page_section_name=1000"
"210","Kishoan | 喜承庵","Entire villa hosted by Shiki","Superhost","6","2","6","2","5.0","3","Lower price.","Your dates are $643 less than the avg. nightly rate of the last 60 days.","After 4:00 PM","10:00 AM","Yes","Flexible","307.24","1,865.32","Shiki","https://www.airbnb.com/rooms/44325331?adults=2&children=0&infants=0&check_in=2022-08-01&check_out=2022-08-08&previous_page_section_name=1000"
"211","2 min Higashiyama Sta. traditional modern machiya","Entire townhouse hosted by Raina&Jelly","Superhost","9","3","9","2","4.57","7","None","None","4:00 PM - 10:00 PM","11:00 AM","Yes","Flexible","236.20","1,235.01","Raina&Jelly","https://www.airbnb.com/rooms/52977925?adults=2&children=0&infants=0&check_in=2022-08-04&check_out=2022-08-11&previous_page_section_name=1000"
"212","Near from Kawaramachi , Stylish Guest House","Entire condo hosted by Maya","Superhost","5","2","5","1","4.85","99","Lower price.","Your dates are $158 less than the avg. nightly rate of the last 60 days.","After 3:00 PM","11:00 AM","Yes","Flexible","204.89","1,489.36","Maya","https://www.airbnb.com/rooms/14267567?adults=2&children=0&infants=0&check_in=2022-08-03&check_out=2022-08-10&previous_page_section_name=1000"
"213","雲町屋 小徳 KumoMachiya KOTOKU","Entire home hosted by Kumo Machiya","None","4","2",NA,"2","4.80","20","None","None","3:00 PM - 11:00 PM","11:00 AM","Yes","Flexible","98.98","707.06","Kumo Machiya","https://www.airbnb.com/rooms/35691049?adults=2&children=0&infants=0&check_in=2022-08-23&check_out=2022-08-30&previous_page_section_name=1000"
"214","Ryumasaka House: Limited to one group per day, you can stay together in a small inn on the top of Higashiyama Shimizu","Entire townhouse hosted by Koji&Friend","None","5","2","2","1","4.50","4","None","None","3:00 PM - 8:00 PM","10:00 AM","Yes","Flexible","110.23","762.39","Koji&Friend","https://www.airbnb.com/rooms/50515215?adults=2&children=0&infants=0&check_in=2022-08-17&check_out=2022-08-24&previous_page_section_name=1000"
"215","Townhouse near Nijo castle(Freebikes&Pocket WiFi)","Entire townhouse hosted by Hershey","Superhost","3","1","3","1.5","4.90","309","None","None","3:00 PM - 2:00 AM","12:00 PM","Yes","Flexible","106.72","770.66","Hershey","https://www.airbnb.com/rooms/8807777?adults=2&children=0&infants=0&check_in=2022-08-30&check_out=2022-09-06&previous_page_section_name=1000"
"216","Cozy room in Kyoto!","Entire rental unit hosted by Atsushi","None","4","1","4","1","4.77","26","None","None","After 3:00 PM","11:00 AM","Yes","Within 48 Hrs","23.62","196.78","Atsushi","https://www.airbnb.com/rooms/22313343?adults=2&children=0&infants=0&check_in=2022-08-17&check_out=2022-08-24&previous_page_section_name=1000"
"217","Comfortable ★W bed for your dog! Fully equipped kitchen★ Max 3 people/403/Gion Shijo station and Yasaka Shrine are very close!","Entire serviced apartment hosted by Hostel Inn Kyoto Gion","Superhost","3","Studio","beds","baths","None","Kyoto,","None","None","3:00 PM - 9:00 PM","10:00 AM","Yes","Flexible","76.38","677.08","Hostel Inn Kyoto Gion","https://www.airbnb.com/rooms/624879853451362925?adults=2&children=0&infants=0&check_in=2022-08-26&check_out=2022-09-02&previous_page_section_name=1000"
"218","Machiya villa with terrace","Entire townhouse hosted by Nori","None","10","2","3","1.5","4.05","19","None","None","After 3:00 PM","10:00 AM","Yes","Flexible","117.72","938.51","Nori","https://www.airbnb.com/rooms/53798478?adults=2&children=0&infants=0&check_in=2022-08-26&check_out=2022-09-02&previous_page_section_name=1000"
"219","Renovated 80years old machiya - whole house rental","Entire townhouse hosted by Kyoto Miyabi-Inn","Superhost","5","2","5","1","4.73","22","None","None","11:00 AM",NA,"No","Flexible","103.48","651.93","Kyoto Miyabi-Inn","https://www.airbnb.com/rooms/1704589?adults=2&children=0&infants=0&check_in=2022-08-30&check_out=2022-09-06&previous_page_section_name=1000"
